type,path,year,month,exists,rows,h3_r7,h3_r8,h3_r9,res
l2,data/l2/year=2018/month=01/features-2018-01.parquet,2018,01,True,20227,True,True,True,
l2,data/l2/year=2018/month=02/features-2018-02.parquet,2018,02,True,17171,True,True,True,
l2,data/l2/year=2018/month=03/features-2018-03.parquet,2018,03,True,21043,True,True,True,
l2,data/l2/year=2018/month=04/features-2018-04.parquet,2018,04,True,20932,True,True,True,
l2,data/l2/year=2018/month=05/features-2018-05.parquet,2018,05,True,24466,True,True,True,
l2,data/l2/year=2018/month=06/features-2018-06.parquet,2018,06,True,23914,True,True,True,
l2,data/l2/year=2018/month=07/features-2018-07.parquet,2018,07,True,24859,True,True,True,
l2,data/l2/year=2018/month=08/features-2018-08.parquet,2018,08,True,24936,True,True,True,
l2,data/l2/year=2018/month=09/features-2018-09.parquet,2018,09,True,22579,True,True,True,
l2,data/l2/year=2018/month=10/features-2018-10.parquet,2018,10,True,22319,True,True,True,
l2,data/l2/year=2018/month=11/features-2018-11.parquet,2018,11,True,20084,True,True,True,
l2,data/l2/year=2018/month=12/features-2018-12.parquet,2018,12,True,21029,True,True,True,
l2,data/l2/year=2019/month=01/features-2019-01.parquet,2019,01,True,19552,True,True,True,
l2,data/l2/year=2019/month=02/features-2019-02.parquet,2019,02,True,18286,True,True,True,
l2,data/l2/year=2019/month=03/features-2019-03.parquet,2019,03,True,20324,True,True,True,
l2,data/l2/year=2019/month=04/features-2019-04.parquet,2019,04,True,20912,True,True,True,
l2,data/l2/year=2019/month=05/features-2019-05.parquet,2019,05,True,23538,True,True,True,
l2,data/l2/year=2019/month=06/features-2019-06.parquet,2019,06,True,23476,True,True,True,
l2,data/l2/year=2019/month=07/features-2019-07.parquet,2019,07,True,24702,True,True,True,
l2,data/l2/year=2019/month=08/features-2019-08.parquet,2019,08,True,24246,True,True,True,
l2,data/l2/year=2019/month=09/features-2019-09.parquet,2019,09,True,22284,True,True,True,
l2,data/l2/year=2019/month=10/features-2019-10.parquet,2019,10,True,21542,True,True,True,
l2,data/l2/year=2019/month=11/features-2019-11.parquet,2019,11,True,19743,True,True,True,
l2,data/l2/year=2019/month=12/features-2019-12.parquet,2019,12,True,20567,True,True,True,
l2,data/l2/year=2020/month=01/features-2020-01.parquet,2020,01,True,19654,True,True,True,
l2,data/l2/year=2020/month=02/features-2020-02.parquet,2020,02,True,18018,True,True,True,
l2,data/l2/year=2020/month=03/features-2020-03.parquet,2020,03,True,16526,True,True,True,
l2,data/l2/year=2020/month=04/features-2020-04.parquet,2020,04,True,12716,True,True,True,
l2,data/l2/year=2020/month=05/features-2020-05.parquet,2020,05,True,17329,True,True,True,
l2,data/l2/year=2020/month=06/features-2020-06.parquet,2020,06,True,17386,True,True,True,
l2,data/l2/year=2020/month=07/features-2020-07.parquet,2020,07,True,19300,True,True,True,
l2,data/l2/year=2020/month=08/features-2020-08.parquet,2020,08,True,19585,True,True,True,
l2,data/l2/year=2020/month=09/features-2020-09.parquet,2020,09,True,17585,True,True,True,
l2,data/l2/year=2020/month=10/features-2020-10.parquet,2020,10,True,18029,True,True,True,
l2,data/l2/year=2020/month=11/features-2020-11.parquet,2020,11,True,16127,True,True,True,
l2,data/l2/year=2020/month=12/features-2020-12.parquet,2020,12,True,15712,True,True,True,
l2,data/l2/year=2021/month=01/features-2021-01.parquet,2021,01,True,15927,True,True,True,
l2,data/l2/year=2021/month=02/features-2021-02.parquet,2021,02,True,12817,True,True,True,
l2,data/l2/year=2021/month=03/features-2021-03.parquet,2021,03,True,15647,True,True,True,
l2,data/l2/year=2021/month=04/features-2021-04.parquet,2021,04,True,15195,True,True,True,
l2,data/l2/year=2021/month=05/features-2021-05.parquet,2021,05,True,17425,True,True,True,
l2,data/l2/year=2021/month=06/features-2021-06.parquet,2021,06,True,18421,True,True,True,
l2,data/l2/year=2021/month=07/features-2021-07.parquet,2021,07,True,18787,True,True,True,
l2,data/l2/year=2021/month=08/features-2021-08.parquet,2021,08,True,18100,True,True,True,
l2,data/l2/year=2021/month=09/features-2021-09.parquet,2021,09,True,18837,True,True,True,
l2,data/l2/year=2021/month=10/features-2021-10.parquet,2021,10,True,18839,True,True,True,
l2,data/l2/year=2021/month=11/features-2021-11.parquet,2021,11,True,16834,True,True,True,
l2,data/l2/year=2021/month=12/features-2021-12.parquet,2021,12,True,16045,True,True,True,
l2,data/l2/year=2022/month=01/features-2022-01.parquet,2022,01,True,15320,True,True,True,
l2,data/l2/year=2022/month=02/features-2022-02.parquet,2022,02,True,14909,True,True,True,
l2,data/l2/year=2022/month=03/features-2022-03.parquet,2022,03,True,17930,True,True,True,
l2,data/l2/year=2022/month=04/features-2022-04.parquet,2022,04,True,17754,True,True,True,
l2,data/l2/year=2022/month=05/features-2022-05.parquet,2022,05,True,19898,True,True,True,
l2,data/l2/year=2022/month=06/features-2022-06.parquet,2022,06,True,20437,True,True,True,
l2,data/l2/year=2022/month=07/features-2022-07.parquet,2022,07,True,21897,True,True,True,
l2,data/l2/year=2022/month=08/features-2022-08.parquet,2022,08,True,21883,True,True,True,
l2,data/l2/year=2022/month=09/features-2022-09.parquet,2022,09,True,21873,True,True,True,
l2,data/l2/year=2022/month=10/features-2022-10.parquet,2022,10,True,22689,True,True,True,
l2,data/l2/year=2022/month=11/features-2022-11.parquet,2022,11,True,20462,True,True,True,
l2,data/l2/year=2022/month=12/features-2022-12.parquet,2022,12,True,19835,True,True,True,
l2,data/l2/year=2023/month=01/features-2023-01.parquet,2023,01,True,21053,True,True,True,
l2,data/l2/year=2023/month=02/features-2023-02.parquet,2023,02,True,18357,True,True,True,
l2,data/l2/year=2023/month=03/features-2023-03.parquet,2023,03,True,20665,True,True,True,
l2,data/l2/year=2023/month=04/features-2023-04.parquet,2023,04,True,20684,True,True,True,
l2,data/l2/year=2023/month=05/features-2023-05.parquet,2023,05,True,22152,True,True,True,
l2,data/l2/year=2023/month=06/features-2023-06.parquet,2023,06,True,22648,True,True,True,
l2,data/l2/year=2023/month=07/features-2023-07.parquet,2023,07,True,23971,True,True,True,
l2,data/l2/year=2023/month=08/features-2023-08.parquet,2023,08,True,24139,True,True,True,
l2,data/l2/year=2023/month=09/features-2023-09.parquet,2023,09,True,22594,True,True,True,
l2,data/l2/year=2023/month=10/features-2023-10.parquet,2023,10,True,23031,True,True,True,
l2,data/l2/year=2023/month=11/features-2023-11.parquet,2023,11,True,21368,True,True,True,
l2,data/l2/year=2023/month=12/features-2023-12.parquet,2023,12,True,20583,True,True,True,
l2,data/l2/year=2024/month=01/features-2024-01.parquet,2024,01,True,19513,True,True,True,
l2,data/l2/year=2024/month=02/features-2024-02.parquet,2024,02,True,19881,True,True,True,
l2,data/l2/year=2024/month=03/features-2024-03.parquet,2024,03,True,20854,True,True,True,
l2,data/l2/year=2024/month=04/features-2024-04.parquet,2024,04,True,20349,True,True,True,
l2,data/l2/year=2024/month=05/features-2024-05.parquet,2024,05,True,22215,True,True,True,
l2,data/l2/year=2024/month=06/features-2024-06.parquet,2024,06,True,23122,True,True,True,
l2,data/l2/year=2024/month=07/features-2024-07.parquet,2024,07,True,24043,True,True,True,
l2,data/l2/year=2024/month=08/features-2024-08.parquet,2024,08,True,22944,True,True,True,
l2,data/l2/year=2024/month=09/features-2024-09.parquet,2024,09,True,22919,True,True,True,
l2,data/l2/year=2024/month=10/features-2024-10.parquet,2024,10,True,22434,True,True,True,
l2,data/l2/year=2024/month=11/features-2024-11.parquet,2024,11,True,19691,True,True,True,
l2,data/l2/year=2024/month=12/features-2024-12.parquet,2024,12,True,19541,True,True,True,
l2,data/l2/year=2025/month=01/features-2025-01.parquet,2025,01,True,18400,True,True,True,
l2,data/l2/year=2025/month=02/features-2025-02.parquet,2025,02,True,16444,True,True,True,
l2,data/l2/year=2025/month=03/features-2025-03.parquet,2025,03,True,19645,True,True,True,
l2,data/l2/year=2025/month=04/features-2025-04.parquet,2025,04,True,19509,True,True,True,
l2,data/l2/year=2025/month=05/features-2025-05.parquet,2025,05,True,20307,True,True,True,
l2,data/l2/year=2025/month=06/features-2025-06.parquet,2025,06,True,20857,True,True,True,
l2,data/l2/year=2025/month=07/features-2025-07.parquet,2025,07,True,22233,True,True,True,
l2,data/l2/year=2025/month=08/features-2025-08.parquet,2025,08,True,13997,True,True,True,
l3,data/l3/res=7/year=2018/month=01/l3-aggregates-7-2018-01.parquet,2018,01,True,3390,,,,7.0
l3,data/l3/res=7/year=2018/month=01/l3-aggregates-7-2018-01-monthly.parquet,2018,01,True,146,,,,7.0
l3,data/l3/res=7/year=2018/month=02/l3-aggregates-7-2018-02-monthly.parquet,2018,02,True,147,,,,7.0
l3,data/l3/res=7/year=2018/month=02/l3-aggregates-7-2018-02.parquet,2018,02,True,3059,,,,7.0
l3,data/l3/res=7/year=2018/month=03/l3-aggregates-7-2018-03.parquet,2018,03,True,3402,,,,7.0
l3,data/l3/res=7/year=2018/month=03/l3-aggregates-7-2018-03-monthly.parquet,2018,03,True,145,,,,7.0
l3,data/l3/res=7/year=2018/month=04/l3-aggregates-7-2018-04-monthly.parquet,2018,04,True,147,,,,7.0
l3,data/l3/res=7/year=2018/month=04/l3-aggregates-7-2018-04.parquet,2018,04,True,3285,,,,7.0
l3,data/l3/res=7/year=2018/month=05/l3-aggregates-7-2018-05-monthly.parquet,2018,05,True,144,,,,7.0
l3,data/l3/res=7/year=2018/month=05/l3-aggregates-7-2018-05.parquet,2018,05,True,3455,,,,7.0
l3,data/l3/res=7/year=2018/month=06/l3-aggregates-7-2018-06-monthly.parquet,2018,06,True,148,,,,7.0
l3,data/l3/res=7/year=2018/month=06/l3-aggregates-7-2018-06.parquet,2018,06,True,3394,,,,7.0
l3,data/l3/res=7/year=2018/month=07/l3-aggregates-7-2018-07.parquet,2018,07,True,3509,,,,7.0
l3,data/l3/res=7/year=2018/month=07/l3-aggregates-7-2018-07-monthly.parquet,2018,07,True,144,,,,7.0
l3,data/l3/res=7/year=2018/month=08/l3-aggregates-7-2018-08.parquet,2018,08,True,3502,,,,7.0
l3,data/l3/res=7/year=2018/month=08/l3-aggregates-7-2018-08-monthly.parquet,2018,08,True,144,,,,7.0
l3,data/l3/res=7/year=2018/month=09/l3-aggregates-7-2018-09.parquet,2018,09,True,3338,,,,7.0
l3,data/l3/res=7/year=2018/month=09/l3-aggregates-7-2018-09-monthly.parquet,2018,09,True,141,,,,7.0
l3,data/l3/res=7/year=2018/month=10/l3-aggregates-7-2018-10.parquet,2018,10,True,3418,,,,7.0
l3,data/l3/res=7/year=2018/month=10/l3-aggregates-7-2018-10-monthly.parquet,2018,10,True,146,,,,7.0
l3,data/l3/res=7/year=2018/month=11/l3-aggregates-7-2018-11.parquet,2018,11,True,3266,,,,7.0
l3,data/l3/res=7/year=2018/month=11/l3-aggregates-7-2018-11-monthly.parquet,2018,11,True,143,,,,7.0
l3,data/l3/res=7/year=2018/month=12/l3-aggregates-7-2018-12.parquet,2018,12,True,3400,,,,7.0
l3,data/l3/res=7/year=2018/month=12/l3-aggregates-7-2018-12-monthly.parquet,2018,12,True,146,,,,7.0
l3,data/l3/res=7/year=2019/month=01/l3-aggregates-7-2019-01-monthly.parquet,2019,01,True,147,,,,7.0
l3,data/l3/res=7/year=2019/month=01/l3-aggregates-7-2019-01.parquet,2019,01,True,3332,,,,7.0
l3,data/l3/res=7/year=2019/month=02/l3-aggregates-7-2019-02.parquet,2019,02,True,3037,,,,7.0
l3,data/l3/res=7/year=2019/month=02/l3-aggregates-7-2019-02-monthly.parquet,2019,02,True,145,,,,7.0
l3,data/l3/res=7/year=2019/month=03/l3-aggregates-7-2019-03.parquet,2019,03,True,3340,,,,7.0
l3,data/l3/res=7/year=2019/month=03/l3-aggregates-7-2019-03-monthly.parquet,2019,03,True,143,,,,7.0
l3,data/l3/res=7/year=2019/month=04/l3-aggregates-7-2019-04.parquet,2019,04,True,3264,,,,7.0
l3,data/l3/res=7/year=2019/month=04/l3-aggregates-7-2019-04-monthly.parquet,2019,04,True,145,,,,7.0
l3,data/l3/res=7/year=2019/month=05/l3-aggregates-7-2019-05.parquet,2019,05,True,3447,,,,7.0
l3,data/l3/res=7/year=2019/month=05/l3-aggregates-7-2019-05-monthly.parquet,2019,05,True,146,,,,7.0
l3,data/l3/res=7/year=2019/month=06/l3-aggregates-7-2019-06.parquet,2019,06,True,3346,,,,7.0
l3,data/l3/res=7/year=2019/month=06/l3-aggregates-7-2019-06-monthly.parquet,2019,06,True,144,,,,7.0
l3,data/l3/res=7/year=2019/month=07/l3-aggregates-7-2019-07-monthly.parquet,2019,07,True,145,,,,7.0
l3,data/l3/res=7/year=2019/month=07/l3-aggregates-7-2019-07.parquet,2019,07,True,3500,,,,7.0
l3,data/l3/res=7/year=2019/month=08/l3-aggregates-7-2019-08-monthly.parquet,2019,08,True,144,,,,7.0
l3,data/l3/res=7/year=2019/month=08/l3-aggregates-7-2019-08.parquet,2019,08,True,3460,,,,7.0
l3,data/l3/res=7/year=2019/month=09/l3-aggregates-7-2019-09-monthly.parquet,2019,09,True,146,,,,7.0
l3,data/l3/res=7/year=2019/month=09/l3-aggregates-7-2019-09.parquet,2019,09,True,3338,,,,7.0
l3,data/l3/res=7/year=2019/month=10/l3-aggregates-7-2019-10-monthly.parquet,2019,10,True,146,,,,7.0
l3,data/l3/res=7/year=2019/month=10/l3-aggregates-7-2019-10.parquet,2019,10,True,3397,,,,7.0
l3,data/l3/res=7/year=2019/month=11/l3-aggregates-7-2019-11-monthly.parquet,2019,11,True,148,,,,7.0
l3,data/l3/res=7/year=2019/month=11/l3-aggregates-7-2019-11.parquet,2019,11,True,3283,,,,7.0
l3,data/l3/res=7/year=2019/month=12/l3-aggregates-7-2019-12-monthly.parquet,2019,12,True,149,,,,7.0
l3,data/l3/res=7/year=2019/month=12/l3-aggregates-7-2019-12.parquet,2019,12,True,3419,,,,7.0
l3,data/l3/res=7/year=2020/month=01/l3-aggregates-7-2020-01.parquet,2020,01,True,3352,,,,7.0
l3,data/l3/res=7/year=2020/month=01/l3-aggregates-7-2020-01-monthly.parquet,2020,01,True,146,,,,7.0
l3,data/l3/res=7/year=2020/month=02/l3-aggregates-7-2020-02.parquet,2020,02,True,3148,,,,7.0
l3,data/l3/res=7/year=2020/month=02/l3-aggregates-7-2020-02-monthly.parquet,2020,02,True,149,,,,7.0
l3,data/l3/res=7/year=2020/month=03/l3-aggregates-7-2020-03-monthly.parquet,2020,03,True,143,,,,7.0
l3,data/l3/res=7/year=2020/month=03/l3-aggregates-7-2020-03.parquet,2020,03,True,3253,,,,7.0
l3,data/l3/res=7/year=2020/month=04/l3-aggregates-7-2020-04-monthly.parquet,2020,04,True,141,,,,7.0
l3,data/l3/res=7/year=2020/month=04/l3-aggregates-7-2020-04.parquet,2020,04,True,3075,,,,7.0
l3,data/l3/res=7/year=2020/month=05/l3-aggregates-7-2020-05-monthly.parquet,2020,05,True,144,,,,7.0
l3,data/l3/res=7/year=2020/month=05/l3-aggregates-7-2020-05.parquet,2020,05,True,3255,,,,7.0
l3,data/l3/res=7/year=2020/month=06/l3-aggregates-7-2020-06.parquet,2020,06,True,3226,,,,7.0
l3,data/l3/res=7/year=2020/month=06/l3-aggregates-7-2020-06-monthly.parquet,2020,06,True,145,,,,7.0
l3,data/l3/res=7/year=2020/month=07/l3-aggregates-7-2020-07-monthly.parquet,2020,07,True,145,,,,7.0
l3,data/l3/res=7/year=2020/month=07/l3-aggregates-7-2020-07.parquet,2020,07,True,3415,,,,7.0
l3,data/l3/res=7/year=2020/month=08/l3-aggregates-7-2020-08.parquet,2020,08,True,3391,,,,7.0
l3,data/l3/res=7/year=2020/month=08/l3-aggregates-7-2020-08-monthly.parquet,2020,08,True,148,,,,7.0
l3,data/l3/res=7/year=2020/month=09/l3-aggregates-7-2020-09.parquet,2020,09,True,3259,,,,7.0
l3,data/l3/res=7/year=2020/month=09/l3-aggregates-7-2020-09-monthly.parquet,2020,09,True,142,,,,7.0
l3,data/l3/res=7/year=2020/month=10/l3-aggregates-7-2020-10.parquet,2020,10,True,3359,,,,7.0
l3,data/l3/res=7/year=2020/month=10/l3-aggregates-7-2020-10-monthly.parquet,2020,10,True,143,,,,7.0
l3,data/l3/res=7/year=2020/month=11/l3-aggregates-7-2020-11.parquet,2020,11,True,3267,,,,7.0
l3,data/l3/res=7/year=2020/month=11/l3-aggregates-7-2020-11-monthly.parquet,2020,11,True,142,,,,7.0
l3,data/l3/res=7/year=2020/month=12/l3-aggregates-7-2020-12-monthly.parquet,2020,12,True,144,,,,7.0
l3,data/l3/res=7/year=2020/month=12/l3-aggregates-7-2020-12.parquet,2020,12,True,3411,,,,7.0
l3,data/l3/res=7/year=2021/month=01/l3-aggregates-7-2021-01-monthly.parquet,2021,01,True,145,,,,7.0
l3,data/l3/res=7/year=2021/month=01/l3-aggregates-7-2021-01.parquet,2021,01,True,3391,,,,7.0
l3,data/l3/res=7/year=2021/month=02/l3-aggregates-7-2021-02-monthly.parquet,2021,02,True,146,,,,7.0
l3,data/l3/res=7/year=2021/month=02/l3-aggregates-7-2021-02.parquet,2021,02,True,2954,,,,7.0
l3,data/l3/res=7/year=2021/month=03/l3-aggregates-7-2021-03.parquet,2021,03,True,3260,,,,7.0
l3,data/l3/res=7/year=2021/month=03/l3-aggregates-7-2021-03-monthly.parquet,2021,03,True,143,,,,7.0
l3,data/l3/res=7/year=2021/month=04/l3-aggregates-7-2021-04.parquet,2021,04,True,3185,,,,7.0
l3,data/l3/res=7/year=2021/month=04/l3-aggregates-7-2021-04-monthly.parquet,2021,04,True,143,,,,7.0
l3,data/l3/res=7/year=2021/month=05/l3-aggregates-7-2021-05.parquet,2021,05,True,3348,,,,7.0
l3,data/l3/res=7/year=2021/month=05/l3-aggregates-7-2021-05-monthly.parquet,2021,05,True,144,,,,7.0
l3,data/l3/res=7/year=2021/month=06/l3-aggregates-7-2021-06-monthly.parquet,2021,06,True,147,,,,7.0
l3,data/l3/res=7/year=2021/month=06/l3-aggregates-7-2021-06.parquet,2021,06,True,3325,,,,7.0
l3,data/l3/res=7/year=2021/month=07/l3-aggregates-7-2021-07.parquet,2021,07,True,3423,,,,7.0
l3,data/l3/res=7/year=2021/month=07/l3-aggregates-7-2021-07-monthly.parquet,2021,07,True,146,,,,7.0
l3,data/l3/res=7/year=2021/month=08/l3-aggregates-7-2021-08-monthly.parquet,2021,08,True,144,,,,7.0
l3,data/l3/res=7/year=2021/month=08/l3-aggregates-7-2021-08.parquet,2021,08,True,3389,,,,7.0
l3,data/l3/res=7/year=2021/month=09/l3-aggregates-7-2021-09-monthly.parquet,2021,09,True,146,,,,7.0
l3,data/l3/res=7/year=2021/month=09/l3-aggregates-7-2021-09.parquet,2021,09,True,3319,,,,7.0
l3,data/l3/res=7/year=2021/month=10/l3-aggregates-7-2021-10-monthly.parquet,2021,10,True,148,,,,7.0
l3,data/l3/res=7/year=2021/month=10/l3-aggregates-7-2021-10.parquet,2021,10,True,3344,,,,7.0
l3,data/l3/res=7/year=2021/month=11/l3-aggregates-7-2021-11-monthly.parquet,2021,11,True,144,,,,7.0
l3,data/l3/res=7/year=2021/month=11/l3-aggregates-7-2021-11.parquet,2021,11,True,3240,,,,7.0
l3,data/l3/res=7/year=2021/month=12/l3-aggregates-7-2021-12.parquet,2021,12,True,3320,,,,7.0
l3,data/l3/res=7/year=2021/month=12/l3-aggregates-7-2021-12-monthly.parquet,2021,12,True,146,,,,7.0
l3,data/l3/res=7/year=2022/month=01/l3-aggregates-7-2022-01-monthly.parquet,2022,01,True,144,,,,7.0
l3,data/l3/res=7/year=2022/month=01/l3-aggregates-7-2022-01.parquet,2022,01,True,3277,,,,7.0
l3,data/l3/res=7/year=2022/month=02/l3-aggregates-7-2022-02.parquet,2022,02,True,3002,,,,7.0
l3,data/l3/res=7/year=2022/month=02/l3-aggregates-7-2022-02-monthly.parquet,2022,02,True,143,,,,7.0
l3,data/l3/res=7/year=2022/month=03/l3-aggregates-7-2022-03.parquet,2022,03,True,3368,,,,7.0
l3,data/l3/res=7/year=2022/month=03/l3-aggregates-7-2022-03-monthly.parquet,2022,03,True,146,,,,7.0
l3,data/l3/res=7/year=2022/month=04/l3-aggregates-7-2022-04.parquet,2022,04,True,3263,,,,7.0
l3,data/l3/res=7/year=2022/month=04/l3-aggregates-7-2022-04-monthly.parquet,2022,04,True,145,,,,7.0
l3,data/l3/res=7/year=2022/month=05/l3-aggregates-7-2022-05.parquet,2022,05,True,3479,,,,7.0
l3,data/l3/res=7/year=2022/month=05/l3-aggregates-7-2022-05-monthly.parquet,2022,05,True,143,,,,7.0
l3,data/l3/res=7/year=2022/month=06/l3-aggregates-7-2022-06-monthly.parquet,2022,06,True,145,,,,7.0
l3,data/l3/res=7/year=2022/month=06/l3-aggregates-7-2022-06.parquet,2022,06,True,3370,,,,7.0
l3,data/l3/res=7/year=2022/month=07/l3-aggregates-7-2022-07-monthly.parquet,2022,07,True,146,,,,7.0
l3,data/l3/res=7/year=2022/month=07/l3-aggregates-7-2022-07.parquet,2022,07,True,3495,,,,7.0
l3,data/l3/res=7/year=2022/month=08/l3-aggregates-7-2022-08.parquet,2022,08,True,3484,,,,7.0
l3,data/l3/res=7/year=2022/month=08/l3-aggregates-7-2022-08-monthly.parquet,2022,08,True,147,,,,7.0
l3,data/l3/res=7/year=2022/month=09/l3-aggregates-7-2022-09-monthly.parquet,2022,09,True,144,,,,7.0
l3,data/l3/res=7/year=2022/month=09/l3-aggregates-7-2022-09.parquet,2022,09,True,3380,,,,7.0
l3,data/l3/res=7/year=2022/month=10/l3-aggregates-7-2022-10-monthly.parquet,2022,10,True,146,,,,7.0
l3,data/l3/res=7/year=2022/month=10/l3-aggregates-7-2022-10.parquet,2022,10,True,3566,,,,7.0
l3,data/l3/res=7/year=2022/month=11/l3-aggregates-7-2022-11.parquet,2022,11,True,3348,,,,7.0
l3,data/l3/res=7/year=2022/month=11/l3-aggregates-7-2022-11-monthly.parquet,2022,11,True,146,,,,7.0
l3,data/l3/res=7/year=2022/month=12/l3-aggregates-7-2022-12.parquet,2022,12,True,3475,,,,7.0
l3,data/l3/res=7/year=2022/month=12/l3-aggregates-7-2022-12-monthly.parquet,2022,12,True,145,,,,7.0
l3,data/l3/res=7/year=2023/month=01/l3-aggregates-7-2023-01-monthly.parquet,2023,01,True,147,,,,7.0
l3,data/l3/res=7/year=2023/month=01/l3-aggregates-7-2023-01.parquet,2023,01,True,3460,,,,7.0
l3,data/l3/res=7/year=2023/month=02/l3-aggregates-7-2023-02-monthly.parquet,2023,02,True,145,,,,7.0
l3,data/l3/res=7/year=2023/month=02/l3-aggregates-7-2023-02.parquet,2023,02,True,3132,,,,7.0
l3,data/l3/res=7/year=2023/month=03/l3-aggregates-7-2023-03-monthly.parquet,2023,03,True,148,,,,7.0
l3,data/l3/res=7/year=2023/month=03/l3-aggregates-7-2023-03.parquet,2023,03,True,3416,,,,7.0
l3,data/l3/res=7/year=2023/month=04/l3-aggregates-7-2023-04.parquet,2023,04,True,3362,,,,7.0
l3,data/l3/res=7/year=2023/month=04/l3-aggregates-7-2023-04-monthly.parquet,2023,04,True,149,,,,7.0
l3,data/l3/res=7/year=2023/month=05/l3-aggregates-7-2023-05.parquet,2023,05,True,3531,,,,7.0
l3,data/l3/res=7/year=2023/month=05/l3-aggregates-7-2023-05-monthly.parquet,2023,05,True,145,,,,7.0
l3,data/l3/res=7/year=2023/month=06/l3-aggregates-7-2023-06.parquet,2023,06,True,3417,,,,7.0
l3,data/l3/res=7/year=2023/month=06/l3-aggregates-7-2023-06-monthly.parquet,2023,06,True,144,,,,7.0
l3,data/l3/res=7/year=2023/month=07/l3-aggregates-7-2023-07.parquet,2023,07,True,3563,,,,7.0
l3,data/l3/res=7/year=2023/month=07/l3-aggregates-7-2023-07-monthly.parquet,2023,07,True,146,,,,7.0
l3,data/l3/res=7/year=2023/month=08/l3-aggregates-7-2023-08-monthly.parquet,2023,08,True,146,,,,7.0
l3,data/l3/res=7/year=2023/month=08/l3-aggregates-7-2023-08.parquet,2023,08,True,3555,,,,7.0
l3,data/l3/res=7/year=2023/month=09/l3-aggregates-7-2023-09.parquet,2023,09,True,3417,,,,7.0
l3,data/l3/res=7/year=2023/month=09/l3-aggregates-7-2023-09-monthly.parquet,2023,09,True,146,,,,7.0
l3,data/l3/res=7/year=2023/month=10/l3-aggregates-7-2023-10.parquet,2023,10,True,3518,,,,7.0
l3,data/l3/res=7/year=2023/month=10/l3-aggregates-7-2023-10-monthly.parquet,2023,10,True,146,,,,7.0
l3,data/l3/res=7/year=2023/month=11/l3-aggregates-7-2023-11-monthly.parquet,2023,11,True,145,,,,7.0
l3,data/l3/res=7/year=2023/month=11/l3-aggregates-7-2023-11.parquet,2023,11,True,3395,,,,7.0
l3,data/l3/res=7/year=2023/month=12/l3-aggregates-7-2023-12-monthly.parquet,2023,12,True,146,,,,7.0
l3,data/l3/res=7/year=2023/month=12/l3-aggregates-7-2023-12.parquet,2023,12,True,3429,,,,7.0
l3,data/l3/res=7/year=2024/month=01/l3-aggregates-7-2024-01-monthly.parquet,2024,01,True,145,,,,7.0
l3,data/l3/res=7/year=2024/month=01/l3-aggregates-7-2024-01.parquet,2024,01,True,3425,,,,7.0
l3,data/l3/res=7/year=2024/month=02/l3-aggregates-7-2024-02.parquet,2024,02,True,3278,,,,7.0
l3,data/l3/res=7/year=2024/month=02/l3-aggregates-7-2024-02-monthly.parquet,2024,02,True,143,,,,7.0
l3,data/l3/res=7/year=2024/month=03/l3-aggregates-7-2024-03-monthly.parquet,2024,03,True,148,,,,7.0
l3,data/l3/res=7/year=2024/month=03/l3-aggregates-7-2024-03.parquet,2024,03,True,3460,,,,7.0
l3,data/l3/res=7/year=2024/month=04/l3-aggregates-7-2024-04.parquet,2024,04,True,3380,,,,7.0
l3,data/l3/res=7/year=2024/month=04/l3-aggregates-7-2024-04-monthly.parquet,2024,04,True,149,,,,7.0
l3,data/l3/res=7/year=2024/month=05/l3-aggregates-7-2024-05.parquet,2024,05,True,3474,,,,7.0
l3,data/l3/res=7/year=2024/month=05/l3-aggregates-7-2024-05-monthly.parquet,2024,05,True,147,,,,7.0
l3,data/l3/res=7/year=2024/month=06/l3-aggregates-7-2024-06.parquet,2024,06,True,3453,,,,7.0
l3,data/l3/res=7/year=2024/month=06/l3-aggregates-7-2024-06-monthly.parquet,2024,06,True,144,,,,7.0
l3,data/l3/res=7/year=2024/month=07/l3-aggregates-7-2024-07-monthly.parquet,2024,07,True,147,,,,7.0
l3,data/l3/res=7/year=2024/month=07/l3-aggregates-7-2024-07.parquet,2024,07,True,3574,,,,7.0
l3,data/l3/res=7/year=2024/month=08/l3-aggregates-7-2024-08-monthly.parquet,2024,08,True,148,,,,7.0
l3,data/l3/res=7/year=2024/month=08/l3-aggregates-7-2024-08.parquet,2024,08,True,3500,,,,7.0
l3,data/l3/res=7/year=2024/month=09/l3-aggregates-7-2024-09-monthly.parquet,2024,09,True,144,,,,7.0
l3,data/l3/res=7/year=2024/month=09/l3-aggregates-7-2024-09.parquet,2024,09,True,3440,,,,7.0
l3,data/l3/res=7/year=2024/month=10/l3-aggregates-7-2024-10-monthly.parquet,2024,10,True,147,,,,7.0
l3,data/l3/res=7/year=2024/month=10/l3-aggregates-7-2024-10.parquet,2024,10,True,3553,,,,7.0
l3,data/l3/res=7/year=2024/month=11/l3-aggregates-7-2024-11-monthly.parquet,2024,11,True,145,,,,7.0
l3,data/l3/res=7/year=2024/month=11/l3-aggregates-7-2024-11.parquet,2024,11,True,3354,,,,7.0
l3,data/l3/res=7/year=2024/month=12/l3-aggregates-7-2024-12-monthly.parquet,2024,12,True,147,,,,7.0
l3,data/l3/res=7/year=2024/month=12/l3-aggregates-7-2024-12.parquet,2024,12,True,3433,,,,7.0
l3,data/l3/res=7/year=2025/month=01/l3-aggregates-7-2025-01.parquet,2025,01,True,3407,,,,7.0
l3,data/l3/res=7/year=2025/month=01/l3-aggregates-7-2025-01-monthly.parquet,2025,01,True,146,,,,7.0
l3,data/l3/res=7/year=2025/month=02/l3-aggregates-7-2025-02-monthly.parquet,2025,02,True,147,,,,7.0
l3,data/l3/res=7/year=2025/month=02/l3-aggregates-7-2025-02.parquet,2025,02,True,3065,,,,7.0
l3,data/l3/res=7/year=2025/month=03/l3-aggregates-7-2025-03.parquet,2025,03,True,3485,,,,7.0
l3,data/l3/res=7/year=2025/month=03/l3-aggregates-7-2025-03-monthly.parquet,2025,03,True,146,,,,7.0
l3,data/l3/res=7/year=2025/month=04/l3-aggregates-7-2025-04-monthly.parquet,2025,04,True,142,,,,7.0
l3,data/l3/res=7/year=2025/month=04/l3-aggregates-7-2025-04.parquet,2025,04,True,3326,,,,7.0
l3,data/l3/res=7/year=2025/month=05/l3-aggregates-7-2025-05-monthly.parquet,2025,05,True,146,,,,7.0
l3,data/l3/res=7/year=2025/month=05/l3-aggregates-7-2025-05.parquet,2025,05,True,3465,,,,7.0
l3,data/l3/res=7/year=2025/month=06/l3-aggregates-7-2025-06-monthly.parquet,2025,06,True,147,,,,7.0
l3,data/l3/res=7/year=2025/month=06/l3-aggregates-7-2025-06.parquet,2025,06,True,3407,,,,7.0
l3,data/l3/res=7/year=2025/month=07/l3-aggregates-7-2025-07.parquet,2025,07,True,3476,,,,7.0
l3,data/l3/res=7/year=2025/month=07/l3-aggregates-7-2025-07-monthly.parquet,2025,07,True,145,,,,7.0
l3,data/l3/res=7/year=2025/month=08/l3-aggregates-7-2025-08.parquet,2025,08,True,2340,,,,7.0
l3,data/l3/res=7/year=2025/month=08/l3-aggregates-7-2025-08-monthly.parquet,2025,08,True,143,,,,7.0
l3,data/l3/res=8/year=2018/month=01/l3-aggregates-8-2018-01.parquet,2018,01,True,10845,,,,8.0
l3,data/l3/res=8/year=2018/month=01/l3-aggregates-8-2018-01-monthly.parquet,2018,01,True,775,,,,8.0
l3,data/l3/res=8/year=2018/month=02/l3-aggregates-8-2018-02.parquet,2018,02,True,9444,,,,8.0
l3,data/l3/res=8/year=2018/month=02/l3-aggregates-8-2018-02-monthly.parquet,2018,02,True,770,,,,8.0
l3,data/l3/res=8/year=2018/month=03/l3-aggregates-8-2018-03.parquet,2018,03,True,11101,,,,8.0
l3,data/l3/res=8/year=2018/month=03/l3-aggregates-8-2018-03-monthly.parquet,2018,03,True,771,,,,8.0
l3,data/l3/res=8/year=2018/month=04/l3-aggregates-8-2018-04-monthly.parquet,2018,04,True,774,,,,8.0
l3,data/l3/res=8/year=2018/month=04/l3-aggregates-8-2018-04.parquet,2018,04,True,10847,,,,8.0
l3,data/l3/res=8/year=2018/month=05/l3-aggregates-8-2018-05-monthly.parquet,2018,05,True,779,,,,8.0
l3,data/l3/res=8/year=2018/month=05/l3-aggregates-8-2018-05.parquet,2018,05,True,11838,,,,8.0
l3,data/l3/res=8/year=2018/month=06/l3-aggregates-8-2018-06-monthly.parquet,2018,06,True,790,,,,8.0
l3,data/l3/res=8/year=2018/month=06/l3-aggregates-8-2018-06.parquet,2018,06,True,11637,,,,8.0
l3,data/l3/res=8/year=2018/month=07/l3-aggregates-8-2018-07.parquet,2018,07,True,12103,,,,8.0
l3,data/l3/res=8/year=2018/month=07/l3-aggregates-8-2018-07-monthly.parquet,2018,07,True,773,,,,8.0
l3,data/l3/res=8/year=2018/month=08/l3-aggregates-8-2018-08.parquet,2018,08,True,12062,,,,8.0
l3,data/l3/res=8/year=2018/month=08/l3-aggregates-8-2018-08-monthly.parquet,2018,08,True,790,,,,8.0
l3,data/l3/res=8/year=2018/month=09/l3-aggregates-8-2018-09.parquet,2018,09,True,11379,,,,8.0
l3,data/l3/res=8/year=2018/month=09/l3-aggregates-8-2018-09-monthly.parquet,2018,09,True,768,,,,8.0
l3,data/l3/res=8/year=2018/month=10/l3-aggregates-8-2018-10.parquet,2018,10,True,11479,,,,8.0
l3,data/l3/res=8/year=2018/month=10/l3-aggregates-8-2018-10-monthly.parquet,2018,10,True,769,,,,8.0
l3,data/l3/res=8/year=2018/month=11/l3-aggregates-8-2018-11.parquet,2018,11,True,10611,,,,8.0
l3,data/l3/res=8/year=2018/month=11/l3-aggregates-8-2018-11-monthly.parquet,2018,11,True,767,,,,8.0
l3,data/l3/res=8/year=2018/month=12/l3-aggregates-8-2018-12.parquet,2018,12,True,11099,,,,8.0
l3,data/l3/res=8/year=2018/month=12/l3-aggregates-8-2018-12-monthly.parquet,2018,12,True,771,,,,8.0
l3,data/l3/res=8/year=2019/month=01/l3-aggregates-8-2019-01-monthly.parquet,2019,01,True,767,,,,8.0
l3,data/l3/res=8/year=2019/month=01/l3-aggregates-8-2019-01.parquet,2019,01,True,10464,,,,8.0
l3,data/l3/res=8/year=2019/month=02/l3-aggregates-8-2019-02.parquet,2019,02,True,9749,,,,8.0
l3,data/l3/res=8/year=2019/month=02/l3-aggregates-8-2019-02-monthly.parquet,2019,02,True,768,,,,8.0
l3,data/l3/res=8/year=2019/month=03/l3-aggregates-8-2019-03-monthly.parquet,2019,03,True,772,,,,8.0
l3,data/l3/res=8/year=2019/month=03/l3-aggregates-8-2019-03.parquet,2019,03,True,10845,,,,8.0
l3,data/l3/res=8/year=2019/month=04/l3-aggregates-8-2019-04.parquet,2019,04,True,10706,,,,8.0
l3,data/l3/res=8/year=2019/month=04/l3-aggregates-8-2019-04-monthly.parquet,2019,04,True,772,,,,8.0
l3,data/l3/res=8/year=2019/month=05/l3-aggregates-8-2019-05.parquet,2019,05,True,11644,,,,8.0
l3,data/l3/res=8/year=2019/month=05/l3-aggregates-8-2019-05-monthly.parquet,2019,05,True,777,,,,8.0
l3,data/l3/res=8/year=2019/month=06/l3-aggregates-8-2019-06.parquet,2019,06,True,11456,,,,8.0
l3,data/l3/res=8/year=2019/month=06/l3-aggregates-8-2019-06-monthly.parquet,2019,06,True,783,,,,8.0
l3,data/l3/res=8/year=2019/month=07/l3-aggregates-8-2019-07-monthly.parquet,2019,07,True,785,,,,8.0
l3,data/l3/res=8/year=2019/month=07/l3-aggregates-8-2019-07.parquet,2019,07,True,11920,,,,8.0
l3,data/l3/res=8/year=2019/month=08/l3-aggregates-8-2019-08-monthly.parquet,2019,08,True,783,,,,8.0
l3,data/l3/res=8/year=2019/month=08/l3-aggregates-8-2019-08.parquet,2019,08,True,11941,,,,8.0
l3,data/l3/res=8/year=2019/month=09/l3-aggregates-8-2019-09-monthly.parquet,2019,09,True,775,,,,8.0
l3,data/l3/res=8/year=2019/month=09/l3-aggregates-8-2019-09.parquet,2019,09,True,11327,,,,8.0
l3,data/l3/res=8/year=2019/month=10/l3-aggregates-8-2019-10-monthly.parquet,2019,10,True,775,,,,8.0
l3,data/l3/res=8/year=2019/month=10/l3-aggregates-8-2019-10.parquet,2019,10,True,11205,,,,8.0
l3,data/l3/res=8/year=2019/month=11/l3-aggregates-8-2019-11-monthly.parquet,2019,11,True,782,,,,8.0
l3,data/l3/res=8/year=2019/month=11/l3-aggregates-8-2019-11.parquet,2019,11,True,10474,,,,8.0
l3,data/l3/res=8/year=2019/month=12/l3-aggregates-8-2019-12.parquet,2019,12,True,10916,,,,8.0
l3,data/l3/res=8/year=2019/month=12/l3-aggregates-8-2019-12-monthly.parquet,2019,12,True,777,,,,8.0
l3,data/l3/res=8/year=2020/month=01/l3-aggregates-8-2020-01.parquet,2020,01,True,10634,,,,8.0
l3,data/l3/res=8/year=2020/month=01/l3-aggregates-8-2020-01-monthly.parquet,2020,01,True,773,,,,8.0
l3,data/l3/res=8/year=2020/month=02/l3-aggregates-8-2020-02-monthly.parquet,2020,02,True,766,,,,8.0
l3,data/l3/res=8/year=2020/month=02/l3-aggregates-8-2020-02.parquet,2020,02,True,9822,,,,8.0
l3,data/l3/res=8/year=2020/month=03/l3-aggregates-8-2020-03-monthly.parquet,2020,03,True,759,,,,8.0
l3,data/l3/res=8/year=2020/month=03/l3-aggregates-8-2020-03.parquet,2020,03,True,9655,,,,8.0
l3,data/l3/res=8/year=2020/month=04/l3-aggregates-8-2020-04-monthly.parquet,2020,04,True,747,,,,8.0
l3,data/l3/res=8/year=2020/month=04/l3-aggregates-8-2020-04.parquet,2020,04,True,8276,,,,8.0
l3,data/l3/res=8/year=2020/month=05/l3-aggregates-8-2020-05-monthly.parquet,2020,05,True,765,,,,8.0
l3,data/l3/res=8/year=2020/month=05/l3-aggregates-8-2020-05.parquet,2020,05,True,9509,,,,8.0
l3,data/l3/res=8/year=2020/month=06/l3-aggregates-8-2020-06.parquet,2020,06,True,9867,,,,8.0
l3,data/l3/res=8/year=2020/month=06/l3-aggregates-8-2020-06-monthly.parquet,2020,06,True,768,,,,8.0
l3,data/l3/res=8/year=2020/month=07/l3-aggregates-8-2020-07.parquet,2020,07,True,10722,,,,8.0
l3,data/l3/res=8/year=2020/month=07/l3-aggregates-8-2020-07-monthly.parquet,2020,07,True,767,,,,8.0
l3,data/l3/res=8/year=2020/month=08/l3-aggregates-8-2020-08.parquet,2020,08,True,10766,,,,8.0
l3,data/l3/res=8/year=2020/month=08/l3-aggregates-8-2020-08-monthly.parquet,2020,08,True,772,,,,8.0
l3,data/l3/res=8/year=2020/month=09/l3-aggregates-8-2020-09.parquet,2020,09,True,10131,,,,8.0
l3,data/l3/res=8/year=2020/month=09/l3-aggregates-8-2020-09-monthly.parquet,2020,09,True,773,,,,8.0
l3,data/l3/res=8/year=2020/month=10/l3-aggregates-8-2020-10.parquet,2020,10,True,10516,,,,8.0
l3,data/l3/res=8/year=2020/month=10/l3-aggregates-8-2020-10-monthly.parquet,2020,10,True,768,,,,8.0
l3,data/l3/res=8/year=2020/month=11/l3-aggregates-8-2020-11.parquet,2020,11,True,9742,,,,8.0
l3,data/l3/res=8/year=2020/month=11/l3-aggregates-8-2020-11-monthly.parquet,2020,11,True,768,,,,8.0
l3,data/l3/res=8/year=2020/month=12/l3-aggregates-8-2020-12-monthly.parquet,2020,12,True,768,,,,8.0
l3,data/l3/res=8/year=2020/month=12/l3-aggregates-8-2020-12.parquet,2020,12,True,9875,,,,8.0
l3,data/l3/res=8/year=2021/month=01/l3-aggregates-8-2021-01-monthly.parquet,2021,01,True,762,,,,8.0
l3,data/l3/res=8/year=2021/month=01/l3-aggregates-8-2021-01.parquet,2021,01,True,9799,,,,8.0
l3,data/l3/res=8/year=2021/month=02/l3-aggregates-8-2021-02-monthly.parquet,2021,02,True,763,,,,8.0
l3,data/l3/res=8/year=2021/month=02/l3-aggregates-8-2021-02.parquet,2021,02,True,8125,,,,8.0
l3,data/l3/res=8/year=2021/month=03/l3-aggregates-8-2021-03.parquet,2021,03,True,9564,,,,8.0
l3,data/l3/res=8/year=2021/month=03/l3-aggregates-8-2021-03-monthly.parquet,2021,03,True,760,,,,8.0
l3,data/l3/res=8/year=2021/month=04/l3-aggregates-8-2021-04.parquet,2021,04,True,9307,,,,8.0
l3,data/l3/res=8/year=2021/month=04/l3-aggregates-8-2021-04-monthly.parquet,2021,04,True,760,,,,8.0
l3,data/l3/res=8/year=2021/month=05/l3-aggregates-8-2021-05.parquet,2021,05,True,10092,,,,8.0
l3,data/l3/res=8/year=2021/month=05/l3-aggregates-8-2021-05-monthly.parquet,2021,05,True,770,,,,8.0
l3,data/l3/res=8/year=2021/month=06/l3-aggregates-8-2021-06-monthly.parquet,2021,06,True,779,,,,8.0
l3,data/l3/res=8/year=2021/month=06/l3-aggregates-8-2021-06.parquet,2021,06,True,10227,,,,8.0
l3,data/l3/res=8/year=2021/month=07/l3-aggregates-8-2021-07.parquet,2021,07,True,10541,,,,8.0
l3,data/l3/res=8/year=2021/month=07/l3-aggregates-8-2021-07-monthly.parquet,2021,07,True,782,,,,8.0
l3,data/l3/res=8/year=2021/month=08/l3-aggregates-8-2021-08-monthly.parquet,2021,08,True,773,,,,8.0
l3,data/l3/res=8/year=2021/month=08/l3-aggregates-8-2021-08.parquet,2021,08,True,10289,,,,8.0
l3,data/l3/res=8/year=2021/month=09/l3-aggregates-8-2021-09-monthly.parquet,2021,09,True,771,,,,8.0
l3,data/l3/res=8/year=2021/month=09/l3-aggregates-8-2021-09.parquet,2021,09,True,10548,,,,8.0
l3,data/l3/res=8/year=2021/month=10/l3-aggregates-8-2021-10-monthly.parquet,2021,10,True,773,,,,8.0
l3,data/l3/res=8/year=2021/month=10/l3-aggregates-8-2021-10.parquet,2021,10,True,10555,,,,8.0
l3,data/l3/res=8/year=2021/month=11/l3-aggregates-8-2021-11-monthly.parquet,2021,11,True,766,,,,8.0
l3,data/l3/res=8/year=2021/month=11/l3-aggregates-8-2021-11.parquet,2021,11,True,9786,,,,8.0
l3,data/l3/res=8/year=2021/month=12/l3-aggregates-8-2021-12.parquet,2021,12,True,9754,,,,8.0
l3,data/l3/res=8/year=2021/month=12/l3-aggregates-8-2021-12-monthly.parquet,2021,12,True,766,,,,8.0
l3,data/l3/res=8/year=2022/month=01/l3-aggregates-8-2022-01-monthly.parquet,2022,01,True,758,,,,8.0
l3,data/l3/res=8/year=2022/month=01/l3-aggregates-8-2022-01.parquet,2022,01,True,9318,,,,8.0
l3,data/l3/res=8/year=2022/month=02/l3-aggregates-8-2022-02.parquet,2022,02,True,8883,,,,8.0
l3,data/l3/res=8/year=2022/month=02/l3-aggregates-8-2022-02-monthly.parquet,2022,02,True,762,,,,8.0
l3,data/l3/res=8/year=2022/month=03/l3-aggregates-8-2022-03.parquet,2022,03,True,10316,,,,8.0
l3,data/l3/res=8/year=2022/month=03/l3-aggregates-8-2022-03-monthly.parquet,2022,03,True,779,,,,8.0
l3,data/l3/res=8/year=2022/month=04/l3-aggregates-8-2022-04.parquet,2022,04,True,10138,,,,8.0
l3,data/l3/res=8/year=2022/month=04/l3-aggregates-8-2022-04-monthly.parquet,2022,04,True,782,,,,8.0
l3,data/l3/res=8/year=2022/month=05/l3-aggregates-8-2022-05.parquet,2022,05,True,11001,,,,8.0
l3,data/l3/res=8/year=2022/month=05/l3-aggregates-8-2022-05-monthly.parquet,2022,05,True,790,,,,8.0
l3,data/l3/res=8/year=2022/month=06/l3-aggregates-8-2022-06-monthly.parquet,2022,06,True,785,,,,8.0
l3,data/l3/res=8/year=2022/month=06/l3-aggregates-8-2022-06.parquet,2022,06,True,11038,,,,8.0
l3,data/l3/res=8/year=2022/month=07/l3-aggregates-8-2022-07-monthly.parquet,2022,07,True,790,,,,8.0
l3,data/l3/res=8/year=2022/month=07/l3-aggregates-8-2022-07.parquet,2022,07,True,11472,,,,8.0
l3,data/l3/res=8/year=2022/month=08/l3-aggregates-8-2022-08.parquet,2022,08,True,11609,,,,8.0
l3,data/l3/res=8/year=2022/month=08/l3-aggregates-8-2022-08-monthly.parquet,2022,08,True,792,,,,8.0
l3,data/l3/res=8/year=2022/month=09/l3-aggregates-8-2022-09-monthly.parquet,2022,09,True,783,,,,8.0
l3,data/l3/res=8/year=2022/month=09/l3-aggregates-8-2022-09.parquet,2022,09,True,11381,,,,8.0
l3,data/l3/res=8/year=2022/month=10/l3-aggregates-8-2022-10-monthly.parquet,2022,10,True,785,,,,8.0
l3,data/l3/res=8/year=2022/month=10/l3-aggregates-8-2022-10.parquet,2022,10,True,11910,,,,8.0
l3,data/l3/res=8/year=2022/month=11/l3-aggregates-8-2022-11.parquet,2022,11,True,11046,,,,8.0
l3,data/l3/res=8/year=2022/month=11/l3-aggregates-8-2022-11-monthly.parquet,2022,11,True,774,,,,8.0
l3,data/l3/res=8/year=2022/month=12/l3-aggregates-8-2022-12.parquet,2022,12,True,11094,,,,8.0
l3,data/l3/res=8/year=2022/month=12/l3-aggregates-8-2022-12-monthly.parquet,2022,12,True,774,,,,8.0
l3,data/l3/res=8/year=2023/month=01/l3-aggregates-8-2023-01-monthly.parquet,2023,01,True,776,,,,8.0
l3,data/l3/res=8/year=2023/month=01/l3-aggregates-8-2023-01.parquet,2023,01,True,11333,,,,8.0
l3,data/l3/res=8/year=2023/month=02/l3-aggregates-8-2023-02-monthly.parquet,2023,02,True,779,,,,8.0
l3,data/l3/res=8/year=2023/month=02/l3-aggregates-8-2023-02.parquet,2023,02,True,10100,,,,8.0
l3,data/l3/res=8/year=2023/month=03/l3-aggregates-8-2023-03-monthly.parquet,2023,03,True,788,,,,8.0
l3,data/l3/res=8/year=2023/month=03/l3-aggregates-8-2023-03.parquet,2023,03,True,11237,,,,8.0
l3,data/l3/res=8/year=2023/month=04/l3-aggregates-8-2023-04.parquet,2023,04,True,11154,,,,8.0
l3,data/l3/res=8/year=2023/month=04/l3-aggregates-8-2023-04-monthly.parquet,2023,04,True,790,,,,8.0
l3,data/l3/res=8/year=2023/month=05/l3-aggregates-8-2023-05.parquet,2023,05,True,11745,,,,8.0
l3,data/l3/res=8/year=2023/month=05/l3-aggregates-8-2023-05-monthly.parquet,2023,05,True,784,,,,8.0
l3,data/l3/res=8/year=2023/month=06/l3-aggregates-8-2023-06.parquet,2023,06,True,11632,,,,8.0
l3,data/l3/res=8/year=2023/month=06/l3-aggregates-8-2023-06-monthly.parquet,2023,06,True,787,,,,8.0
l3,data/l3/res=8/year=2023/month=07/l3-aggregates-8-2023-07.parquet,2023,07,True,12197,,,,8.0
l3,data/l3/res=8/year=2023/month=07/l3-aggregates-8-2023-07-monthly.parquet,2023,07,True,792,,,,8.0
l3,data/l3/res=8/year=2023/month=08/l3-aggregates-8-2023-08-monthly.parquet,2023,08,True,789,,,,8.0
l3,data/l3/res=8/year=2023/month=08/l3-aggregates-8-2023-08.parquet,2023,08,True,12161,,,,8.0
l3,data/l3/res=8/year=2023/month=09/l3-aggregates-8-2023-09.parquet,2023,09,True,11670,,,,8.0
l3,data/l3/res=8/year=2023/month=09/l3-aggregates-8-2023-09-monthly.parquet,2023,09,True,788,,,,8.0
l3,data/l3/res=8/year=2023/month=10/l3-aggregates-8-2023-10.parquet,2023,10,True,11983,,,,8.0
l3,data/l3/res=8/year=2023/month=10/l3-aggregates-8-2023-10-monthly.parquet,2023,10,True,790,,,,8.0
l3,data/l3/res=8/year=2023/month=11/l3-aggregates-8-2023-11-monthly.parquet,2023,11,True,783,,,,8.0
l3,data/l3/res=8/year=2023/month=11/l3-aggregates-8-2023-11.parquet,2023,11,True,11233,,,,8.0
l3,data/l3/res=8/year=2023/month=12/l3-aggregates-8-2023-12-monthly.parquet,2023,12,True,775,,,,8.0
l3,data/l3/res=8/year=2023/month=12/l3-aggregates-8-2023-12.parquet,2023,12,True,11127,,,,8.0
l3,data/l3/res=8/year=2024/month=01/l3-aggregates-8-2024-01-monthly.parquet,2024,01,True,776,,,,8.0
l3,data/l3/res=8/year=2024/month=01/l3-aggregates-8-2024-01.parquet,2024,01,True,10734,,,,8.0
l3,data/l3/res=8/year=2024/month=02/l3-aggregates-8-2024-02.parquet,2024,02,True,10793,,,,8.0
l3,data/l3/res=8/year=2024/month=02/l3-aggregates-8-2024-02-monthly.parquet,2024,02,True,781,,,,8.0
l3,data/l3/res=8/year=2024/month=03/l3-aggregates-8-2024-03-monthly.parquet,2024,03,True,785,,,,8.0
l3,data/l3/res=8/year=2024/month=03/l3-aggregates-8-2024-03.parquet,2024,03,True,11247,,,,8.0
l3,data/l3/res=8/year=2024/month=04/l3-aggregates-8-2024-04.parquet,2024,04,True,11002,,,,8.0
l3,data/l3/res=8/year=2024/month=04/l3-aggregates-8-2024-04-monthly.parquet,2024,04,True,791,,,,8.0
l3,data/l3/res=8/year=2024/month=05/l3-aggregates-8-2024-05.parquet,2024,05,True,11480,,,,8.0
l3,data/l3/res=8/year=2024/month=05/l3-aggregates-8-2024-05-monthly.parquet,2024,05,True,784,,,,8.0
l3,data/l3/res=8/year=2024/month=06/l3-aggregates-8-2024-06.parquet,2024,06,True,11697,,,,8.0
l3,data/l3/res=8/year=2024/month=06/l3-aggregates-8-2024-06-monthly.parquet,2024,06,True,786,,,,8.0
l3,data/l3/res=8/year=2024/month=07/l3-aggregates-8-2024-07-monthly.parquet,2024,07,True,791,,,,8.0
l3,data/l3/res=8/year=2024/month=07/l3-aggregates-8-2024-07.parquet,2024,07,True,12272,,,,8.0
l3,data/l3/res=8/year=2024/month=08/l3-aggregates-8-2024-08-monthly.parquet,2024,08,True,791,,,,8.0
l3,data/l3/res=8/year=2024/month=08/l3-aggregates-8-2024-08.parquet,2024,08,True,11739,,,,8.0
l3,data/l3/res=8/year=2024/month=09/l3-aggregates-8-2024-09-monthly.parquet,2024,09,True,781,,,,8.0
l3,data/l3/res=8/year=2024/month=09/l3-aggregates-8-2024-09.parquet,2024,09,True,11792,,,,8.0
l3,data/l3/res=8/year=2024/month=10/l3-aggregates-8-2024-10-monthly.parquet,2024,10,True,777,,,,8.0
l3,data/l3/res=8/year=2024/month=10/l3-aggregates-8-2024-10.parquet,2024,10,True,11814,,,,8.0
l3,data/l3/res=8/year=2024/month=11/l3-aggregates-8-2024-11-monthly.parquet,2024,11,True,774,,,,8.0
l3,data/l3/res=8/year=2024/month=11/l3-aggregates-8-2024-11.parquet,2024,11,True,10680,,,,8.0
l3,data/l3/res=8/year=2024/month=12/l3-aggregates-8-2024-12-monthly.parquet,2024,12,True,783,,,,8.0
l3,data/l3/res=8/year=2024/month=12/l3-aggregates-8-2024-12.parquet,2024,12,True,10933,,,,8.0
l3,data/l3/res=8/year=2025/month=01/l3-aggregates-8-2025-01.parquet,2025,01,True,10505,,,,8.0
l3,data/l3/res=8/year=2025/month=01/l3-aggregates-8-2025-01-monthly.parquet,2025,01,True,771,,,,8.0
l3,data/l3/res=8/year=2025/month=02/l3-aggregates-8-2025-02-monthly.parquet,2025,02,True,771,,,,8.0
l3,data/l3/res=8/year=2025/month=02/l3-aggregates-8-2025-02.parquet,2025,02,True,9399,,,,8.0
l3,data/l3/res=8/year=2025/month=03/l3-aggregates-8-2025-03.parquet,2025,03,True,10873,,,,8.0
l3,data/l3/res=8/year=2025/month=03/l3-aggregates-8-2025-03-monthly.parquet,2025,03,True,789,,,,8.0
l3,data/l3/res=8/year=2025/month=04/l3-aggregates-8-2025-04-monthly.parquet,2025,04,True,775,,,,8.0
l3,data/l3/res=8/year=2025/month=04/l3-aggregates-8-2025-04.parquet,2025,04,True,10592,,,,8.0
l3,data/l3/res=8/year=2025/month=05/l3-aggregates-8-2025-05-monthly.parquet,2025,05,True,790,,,,8.0
l3,data/l3/res=8/year=2025/month=05/l3-aggregates-8-2025-05.parquet,2025,05,True,11021,,,,8.0
l3,data/l3/res=8/year=2025/month=06/l3-aggregates-8-2025-06-monthly.parquet,2025,06,True,785,,,,8.0
l3,data/l3/res=8/year=2025/month=06/l3-aggregates-8-2025-06.parquet,2025,06,True,11072,,,,8.0
l3,data/l3/res=8/year=2025/month=07/l3-aggregates-8-2025-07.parquet,2025,07,True,11530,,,,8.0
l3,data/l3/res=8/year=2025/month=07/l3-aggregates-8-2025-07-monthly.parquet,2025,07,True,773,,,,8.0
l3,data/l3/res=8/year=2025/month=08/l3-aggregates-8-2025-08.parquet,2025,08,True,7493,,,,8.0
l3,data/l3/res=8/year=2025/month=08/l3-aggregates-8-2025-08-monthly.parquet,2025,08,True,765,,,,8.0
l3,data/l3/res=9/year=2018/month=01/l3-aggregates-9-2018-01-monthly.parquet,2018,01,True,3840,,,,9.0
l3,data/l3/res=9/year=2018/month=01/l3-aggregates-9-2018-01.parquet,2018,01,True,16804,,,,9.0
l3,data/l3/res=9/year=2018/month=02/l3-aggregates-9-2018-02.parquet,2018,02,True,14377,,,,9.0
l3,data/l3/res=9/year=2018/month=02/l3-aggregates-9-2018-02-monthly.parquet,2018,02,True,3667,,,,9.0
l3,data/l3/res=9/year=2018/month=03/l3-aggregates-9-2018-03.parquet,2018,03,True,17453,,,,9.0
l3,data/l3/res=9/year=2018/month=03/l3-aggregates-9-2018-03-monthly.parquet,2018,03,True,3871,,,,9.0
l3,data/l3/res=9/year=2018/month=04/l3-aggregates-9-2018-04.parquet,2018,04,True,17194,,,,9.0
l3,data/l3/res=9/year=2018/month=04/l3-aggregates-9-2018-04-monthly.parquet,2018,04,True,3870,,,,9.0
l3,data/l3/res=9/year=2018/month=05/l3-aggregates-9-2018-05-monthly.parquet,2018,05,True,3990,,,,9.0
l3,data/l3/res=9/year=2018/month=05/l3-aggregates-9-2018-05.parquet,2018,05,True,19723,,,,9.0
l3,data/l3/res=9/year=2018/month=06/l3-aggregates-9-2018-06-monthly.parquet,2018,06,True,4009,,,,9.0
l3,data/l3/res=9/year=2018/month=06/l3-aggregates-9-2018-06.parquet,2018,06,True,19345,,,,9.0
l3,data/l3/res=9/year=2018/month=07/l3-aggregates-9-2018-07-monthly.parquet,2018,07,True,4051,,,,9.0
l3,data/l3/res=9/year=2018/month=07/l3-aggregates-9-2018-07.parquet,2018,07,True,20161,,,,9.0
l3,data/l3/res=9/year=2018/month=08/l3-aggregates-9-2018-08.parquet,2018,08,True,20050,,,,9.0
l3,data/l3/res=9/year=2018/month=08/l3-aggregates-9-2018-08-monthly.parquet,2018,08,True,4045,,,,9.0
l3,data/l3/res=9/year=2018/month=09/l3-aggregates-9-2018-09.parquet,2018,09,True,18493,,,,9.0
l3,data/l3/res=9/year=2018/month=09/l3-aggregates-9-2018-09-monthly.parquet,2018,09,True,3913,,,,9.0
l3,data/l3/res=9/year=2018/month=10/l3-aggregates-9-2018-10.parquet,2018,10,True,18336,,,,9.0
l3,data/l3/res=9/year=2018/month=10/l3-aggregates-9-2018-10-monthly.parquet,2018,10,True,3939,,,,9.0
l3,data/l3/res=9/year=2018/month=11/l3-aggregates-9-2018-11.parquet,2018,11,True,16667,,,,9.0
l3,data/l3/res=9/year=2018/month=11/l3-aggregates-9-2018-11-monthly.parquet,2018,11,True,3798,,,,9.0
l3,data/l3/res=9/year=2018/month=12/l3-aggregates-9-2018-12.parquet,2018,12,True,17440,,,,9.0
l3,data/l3/res=9/year=2018/month=12/l3-aggregates-9-2018-12-monthly.parquet,2018,12,True,3879,,,,9.0
l3,data/l3/res=9/year=2019/month=01/l3-aggregates-9-2019-01.parquet,2019,01,True,16216,,,,9.0
l3,data/l3/res=9/year=2019/month=01/l3-aggregates-9-2019-01-monthly.parquet,2019,01,True,3782,,,,9.0
l3,data/l3/res=9/year=2019/month=02/l3-aggregates-9-2019-02-monthly.parquet,2019,02,True,3742,,,,9.0
l3,data/l3/res=9/year=2019/month=02/l3-aggregates-9-2019-02.parquet,2019,02,True,15226,,,,9.0
l3,data/l3/res=9/year=2019/month=03/l3-aggregates-9-2019-03-monthly.parquet,2019,03,True,3802,,,,9.0
l3,data/l3/res=9/year=2019/month=03/l3-aggregates-9-2019-03.parquet,2019,03,True,16901,,,,9.0
l3,data/l3/res=9/year=2019/month=04/l3-aggregates-9-2019-04-monthly.parquet,2019,04,True,3803,,,,9.0
l3,data/l3/res=9/year=2019/month=04/l3-aggregates-9-2019-04.parquet,2019,04,True,17208,,,,9.0
l3,data/l3/res=9/year=2019/month=05/l3-aggregates-9-2019-05.parquet,2019,05,True,19128,,,,9.0
l3,data/l3/res=9/year=2019/month=05/l3-aggregates-9-2019-05-monthly.parquet,2019,05,True,3911,,,,9.0
l3,data/l3/res=9/year=2019/month=06/l3-aggregates-9-2019-06.parquet,2019,06,True,18931,,,,9.0
l3,data/l3/res=9/year=2019/month=06/l3-aggregates-9-2019-06-monthly.parquet,2019,06,True,3946,,,,9.0
l3,data/l3/res=9/year=2019/month=07/l3-aggregates-9-2019-07.parquet,2019,07,True,19940,,,,9.0
l3,data/l3/res=9/year=2019/month=07/l3-aggregates-9-2019-07-monthly.parquet,2019,07,True,3967,,,,9.0
l3,data/l3/res=9/year=2019/month=08/l3-aggregates-9-2019-08.parquet,2019,08,True,19632,,,,9.0
l3,data/l3/res=9/year=2019/month=08/l3-aggregates-9-2019-08-monthly.parquet,2019,08,True,3988,,,,9.0
l3,data/l3/res=9/year=2019/month=09/l3-aggregates-9-2019-09.parquet,2019,09,True,18305,,,,9.0
l3,data/l3/res=9/year=2019/month=09/l3-aggregates-9-2019-09-monthly.parquet,2019,09,True,3907,,,,9.0
l3,data/l3/res=9/year=2019/month=10/l3-aggregates-9-2019-10.parquet,2019,10,True,17796,,,,9.0
l3,data/l3/res=9/year=2019/month=10/l3-aggregates-9-2019-10-monthly.parquet,2019,10,True,3862,,,,9.0
l3,data/l3/res=9/year=2019/month=11/l3-aggregates-9-2019-11.parquet,2019,11,True,16333,,,,9.0
l3,data/l3/res=9/year=2019/month=11/l3-aggregates-9-2019-11-monthly.parquet,2019,11,True,3827,,,,9.0
l3,data/l3/res=9/year=2019/month=12/l3-aggregates-9-2019-12-monthly.parquet,2019,12,True,3835,,,,9.0
l3,data/l3/res=9/year=2019/month=12/l3-aggregates-9-2019-12.parquet,2019,12,True,17127,,,,9.0
l3,data/l3/res=9/year=2020/month=01/l3-aggregates-9-2020-01-monthly.parquet,2020,01,True,3758,,,,9.0
l3,data/l3/res=9/year=2020/month=01/l3-aggregates-9-2020-01.parquet,2020,01,True,16417,,,,9.0
l3,data/l3/res=9/year=2020/month=02/l3-aggregates-9-2020-02.parquet,2020,02,True,14996,,,,9.0
l3,data/l3/res=9/year=2020/month=02/l3-aggregates-9-2020-02-monthly.parquet,2020,02,True,3733,,,,9.0
l3,data/l3/res=9/year=2020/month=03/l3-aggregates-9-2020-03.parquet,2020,03,True,14187,,,,9.0
l3,data/l3/res=9/year=2020/month=03/l3-aggregates-9-2020-03-monthly.parquet,2020,03,True,3648,,,,9.0
l3,data/l3/res=9/year=2020/month=04/l3-aggregates-9-2020-04.parquet,2020,04,True,11326,,,,9.0
l3,data/l3/res=9/year=2020/month=04/l3-aggregates-9-2020-04-monthly.parquet,2020,04,True,3433,,,,9.0
l3,data/l3/res=9/year=2020/month=05/l3-aggregates-9-2020-05.parquet,2020,05,True,14135,,,,9.0
l3,data/l3/res=9/year=2020/month=05/l3-aggregates-9-2020-05-monthly.parquet,2020,05,True,3628,,,,9.0
l3,data/l3/res=9/year=2020/month=06/l3-aggregates-9-2020-06-monthly.parquet,2020,06,True,3727,,,,9.0
l3,data/l3/res=9/year=2020/month=06/l3-aggregates-9-2020-06.parquet,2020,06,True,14957,,,,9.0
l3,data/l3/res=9/year=2020/month=07/l3-aggregates-9-2020-07-monthly.parquet,2020,07,True,3829,,,,9.0
l3,data/l3/res=9/year=2020/month=07/l3-aggregates-9-2020-07.parquet,2020,07,True,16461,,,,9.0
l3,data/l3/res=9/year=2020/month=08/l3-aggregates-9-2020-08-monthly.parquet,2020,08,True,3819,,,,9.0
l3,data/l3/res=9/year=2020/month=08/l3-aggregates-9-2020-08.parquet,2020,08,True,16494,,,,9.0
l3,data/l3/res=9/year=2020/month=09/l3-aggregates-9-2020-09.parquet,2020,09,True,15195,,,,9.0
l3,data/l3/res=9/year=2020/month=09/l3-aggregates-9-2020-09-monthly.parquet,2020,09,True,3797,,,,9.0
l3,data/l3/res=9/year=2020/month=10/l3-aggregates-9-2020-10.parquet,2020,10,True,15645,,,,9.0
l3,data/l3/res=9/year=2020/month=10/l3-aggregates-9-2020-10-monthly.parquet,2020,10,True,3833,,,,9.0
l3,data/l3/res=9/year=2020/month=11/l3-aggregates-9-2020-11-monthly.parquet,2020,11,True,3813,,,,9.0
l3,data/l3/res=9/year=2020/month=11/l3-aggregates-9-2020-11.parquet,2020,11,True,14099,,,,9.0
l3,data/l3/res=9/year=2020/month=12/l3-aggregates-9-2020-12.parquet,2020,12,True,13975,,,,9.0
l3,data/l3/res=9/year=2020/month=12/l3-aggregates-9-2020-12-monthly.parquet,2020,12,True,3843,,,,9.0
l3,data/l3/res=9/year=2021/month=01/l3-aggregates-9-2021-01-monthly.parquet,2021,01,True,3766,,,,9.0
l3,data/l3/res=9/year=2021/month=01/l3-aggregates-9-2021-01.parquet,2021,01,True,14041,,,,9.0
l3,data/l3/res=9/year=2021/month=02/l3-aggregates-9-2021-02-monthly.parquet,2021,02,True,3486,,,,9.0
l3,data/l3/res=9/year=2021/month=02/l3-aggregates-9-2021-02.parquet,2021,02,True,11384,,,,9.0
l3,data/l3/res=9/year=2021/month=03/l3-aggregates-9-2021-03-monthly.parquet,2021,03,True,3618,,,,9.0
l3,data/l3/res=9/year=2021/month=03/l3-aggregates-9-2021-03.parquet,2021,03,True,13738,,,,9.0
l3,data/l3/res=9/year=2021/month=04/l3-aggregates-9-2021-04.parquet,2021,04,True,13308,,,,9.0
l3,data/l3/res=9/year=2021/month=04/l3-aggregates-9-2021-04-monthly.parquet,2021,04,True,3619,,,,9.0
l3,data/l3/res=9/year=2021/month=05/l3-aggregates-9-2021-05.parquet,2021,05,True,15051,,,,9.0
l3,data/l3/res=9/year=2021/month=05/l3-aggregates-9-2021-05-monthly.parquet,2021,05,True,3753,,,,9.0
l3,data/l3/res=9/year=2021/month=06/l3-aggregates-9-2021-06.parquet,2021,06,True,15710,,,,9.0
l3,data/l3/res=9/year=2021/month=06/l3-aggregates-9-2021-06-monthly.parquet,2021,06,True,3808,,,,9.0
l3,data/l3/res=9/year=2021/month=07/l3-aggregates-9-2021-07.parquet,2021,07,True,15860,,,,9.0
l3,data/l3/res=9/year=2021/month=07/l3-aggregates-9-2021-07-monthly.parquet,2021,07,True,3841,,,,9.0
l3,data/l3/res=9/year=2021/month=08/l3-aggregates-9-2021-08.parquet,2021,08,True,15411,,,,9.0
l3,data/l3/res=9/year=2021/month=08/l3-aggregates-9-2021-08-monthly.parquet,2021,08,True,3769,,,,9.0
l3,data/l3/res=9/year=2021/month=09/l3-aggregates-9-2021-09-monthly.parquet,2021,09,True,3831,,,,9.0
l3,data/l3/res=9/year=2021/month=09/l3-aggregates-9-2021-09.parquet,2021,09,True,16010,,,,9.0
l3,data/l3/res=9/year=2021/month=10/l3-aggregates-9-2021-10-monthly.parquet,2021,10,True,3799,,,,9.0
l3,data/l3/res=9/year=2021/month=10/l3-aggregates-9-2021-10.parquet,2021,10,True,15985,,,,9.0
l3,data/l3/res=9/year=2021/month=11/l3-aggregates-9-2021-11.parquet,2021,11,True,14487,,,,9.0
l3,data/l3/res=9/year=2021/month=11/l3-aggregates-9-2021-11-monthly.parquet,2021,11,True,3737,,,,9.0
l3,data/l3/res=9/year=2021/month=12/l3-aggregates-9-2021-12-monthly.parquet,2021,12,True,3709,,,,9.0
l3,data/l3/res=9/year=2021/month=12/l3-aggregates-9-2021-12.parquet,2021,12,True,13955,,,,9.0
l3,data/l3/res=9/year=2022/month=01/l3-aggregates-9-2022-01.parquet,2022,01,True,13367,,,,9.0
l3,data/l3/res=9/year=2022/month=01/l3-aggregates-9-2022-01-monthly.parquet,2022,01,True,3621,,,,9.0
l3,data/l3/res=9/year=2022/month=02/l3-aggregates-9-2022-02-monthly.parquet,2022,02,True,3594,,,,9.0
l3,data/l3/res=9/year=2022/month=02/l3-aggregates-9-2022-02.parquet,2022,02,True,12901,,,,9.0
l3,data/l3/res=9/year=2022/month=03/l3-aggregates-9-2022-03.parquet,2022,03,True,15342,,,,9.0
l3,data/l3/res=9/year=2022/month=03/l3-aggregates-9-2022-03-monthly.parquet,2022,03,True,3757,,,,9.0
l3,data/l3/res=9/year=2022/month=04/l3-aggregates-9-2022-04-monthly.parquet,2022,04,True,3785,,,,9.0
l3,data/l3/res=9/year=2022/month=04/l3-aggregates-9-2022-04.parquet,2022,04,True,15099,,,,9.0
l3,data/l3/res=9/year=2022/month=05/l3-aggregates-9-2022-05-monthly.parquet,2022,05,True,3919,,,,9.0
l3,data/l3/res=9/year=2022/month=05/l3-aggregates-9-2022-05.parquet,2022,05,True,16792,,,,9.0
l3,data/l3/res=9/year=2022/month=06/l3-aggregates-9-2022-06-monthly.parquet,2022,06,True,3956,,,,9.0
l3,data/l3/res=9/year=2022/month=06/l3-aggregates-9-2022-06.parquet,2022,06,True,17135,,,,9.0
l3,data/l3/res=9/year=2022/month=07/l3-aggregates-9-2022-07.parquet,2022,07,True,17960,,,,9.0
l3,data/l3/res=9/year=2022/month=07/l3-aggregates-9-2022-07-monthly.parquet,2022,07,True,3981,,,,9.0
l3,data/l3/res=9/year=2022/month=08/l3-aggregates-9-2022-08.parquet,2022,08,True,18364,,,,9.0
l3,data/l3/res=9/year=2022/month=08/l3-aggregates-9-2022-08-monthly.parquet,2022,08,True,3994,,,,9.0
l3,data/l3/res=9/year=2022/month=09/l3-aggregates-9-2022-09.parquet,2022,09,True,18176,,,,9.0
l3,data/l3/res=9/year=2022/month=09/l3-aggregates-9-2022-09-monthly.parquet,2022,09,True,4004,,,,9.0
l3,data/l3/res=9/year=2022/month=10/l3-aggregates-9-2022-10.parquet,2022,10,True,18957,,,,9.0
l3,data/l3/res=9/year=2022/month=10/l3-aggregates-9-2022-10-monthly.parquet,2022,10,True,4078,,,,9.0
l3,data/l3/res=9/year=2022/month=11/l3-aggregates-9-2022-11.parquet,2022,11,True,17200,,,,9.0
l3,data/l3/res=9/year=2022/month=11/l3-aggregates-9-2022-11-monthly.parquet,2022,11,True,3949,,,,9.0
l3,data/l3/res=9/year=2022/month=12/l3-aggregates-9-2022-12.parquet,2022,12,True,16854,,,,9.0
l3,data/l3/res=9/year=2022/month=12/l3-aggregates-9-2022-12-monthly.parquet,2022,12,True,3945,,,,9.0
l3,data/l3/res=9/year=2023/month=01/l3-aggregates-9-2023-01-monthly.parquet,2023,01,True,3931,,,,9.0
l3,data/l3/res=9/year=2023/month=01/l3-aggregates-9-2023-01.parquet,2023,01,True,17672,,,,9.0
l3,data/l3/res=9/year=2023/month=02/l3-aggregates-9-2023-02.parquet,2023,02,True,15552,,,,9.0
l3,data/l3/res=9/year=2023/month=02/l3-aggregates-9-2023-02-monthly.parquet,2023,02,True,3859,,,,9.0
l3,data/l3/res=9/year=2023/month=03/l3-aggregates-9-2023-03-monthly.parquet,2023,03,True,3942,,,,9.0
l3,data/l3/res=9/year=2023/month=03/l3-aggregates-9-2023-03.parquet,2023,03,True,17385,,,,9.0
l3,data/l3/res=9/year=2023/month=04/l3-aggregates-9-2023-04.parquet,2023,04,True,17499,,,,9.0
l3,data/l3/res=9/year=2023/month=04/l3-aggregates-9-2023-04-monthly.parquet,2023,04,True,3947,,,,9.0
l3,data/l3/res=9/year=2023/month=05/l3-aggregates-9-2023-05.parquet,2023,05,True,18529,,,,9.0
l3,data/l3/res=9/year=2023/month=05/l3-aggregates-9-2023-05-monthly.parquet,2023,05,True,3962,,,,9.0
l3,data/l3/res=9/year=2023/month=06/l3-aggregates-9-2023-06.parquet,2023,06,True,18740,,,,9.0
l3,data/l3/res=9/year=2023/month=06/l3-aggregates-9-2023-06-monthly.parquet,2023,06,True,4017,,,,9.0
l3,data/l3/res=9/year=2023/month=07/l3-aggregates-9-2023-07-monthly.parquet,2023,07,True,4050,,,,9.0
l3,data/l3/res=9/year=2023/month=07/l3-aggregates-9-2023-07.parquet,2023,07,True,19796,,,,9.0
l3,data/l3/res=9/year=2023/month=08/l3-aggregates-9-2023-08-monthly.parquet,2023,08,True,4017,,,,9.0
l3,data/l3/res=9/year=2023/month=08/l3-aggregates-9-2023-08.parquet,2023,08,True,19877,,,,9.0
l3,data/l3/res=9/year=2023/month=09/l3-aggregates-9-2023-09-monthly.parquet,2023,09,True,4031,,,,9.0
l3,data/l3/res=9/year=2023/month=09/l3-aggregates-9-2023-09.parquet,2023,09,True,18791,,,,9.0
l3,data/l3/res=9/year=2023/month=10/l3-aggregates-9-2023-10-monthly.parquet,2023,10,True,4021,,,,9.0
l3,data/l3/res=9/year=2023/month=10/l3-aggregates-9-2023-10.parquet,2023,10,True,19157,,,,9.0
l3,data/l3/res=9/year=2023/month=11/l3-aggregates-9-2023-11-monthly.parquet,2023,11,True,3988,,,,9.0
l3,data/l3/res=9/year=2023/month=11/l3-aggregates-9-2023-11.parquet,2023,11,True,17843,,,,9.0
l3,data/l3/res=9/year=2023/month=12/l3-aggregates-9-2023-12-monthly.parquet,2023,12,True,3906,,,,9.0
l3,data/l3/res=9/year=2023/month=12/l3-aggregates-9-2023-12.parquet,2023,12,True,17250,,,,9.0
l3,data/l3/res=9/year=2024/month=01/l3-aggregates-9-2024-01-monthly.parquet,2024,01,True,3860,,,,9.0
l3,data/l3/res=9/year=2024/month=01/l3-aggregates-9-2024-01.parquet,2024,01,True,16435,,,,9.0
l3,data/l3/res=9/year=2024/month=02/l3-aggregates-9-2024-02-monthly.parquet,2024,02,True,3916,,,,9.0
l3,data/l3/res=9/year=2024/month=02/l3-aggregates-9-2024-02.parquet,2024,02,True,16663,,,,9.0
l3,data/l3/res=9/year=2024/month=03/l3-aggregates-9-2024-03-monthly.parquet,2024,03,True,3936,,,,9.0
l3,data/l3/res=9/year=2024/month=03/l3-aggregates-9-2024-03.parquet,2024,03,True,17457,,,,9.0
l3,data/l3/res=9/year=2024/month=04/l3-aggregates-9-2024-04.parquet,2024,04,True,16980,,,,9.0
l3,data/l3/res=9/year=2024/month=04/l3-aggregates-9-2024-04-monthly.parquet,2024,04,True,3925,,,,9.0
l3,data/l3/res=9/year=2024/month=05/l3-aggregates-9-2024-05.parquet,2024,05,True,18318,,,,9.0
l3,data/l3/res=9/year=2024/month=05/l3-aggregates-9-2024-05-monthly.parquet,2024,05,True,4002,,,,9.0
l3,data/l3/res=9/year=2024/month=06/l3-aggregates-9-2024-06.parquet,2024,06,True,18999,,,,9.0
l3,data/l3/res=9/year=2024/month=06/l3-aggregates-9-2024-06-monthly.parquet,2024,06,True,4055,,,,9.0
l3,data/l3/res=9/year=2024/month=07/l3-aggregates-9-2024-07.parquet,2024,07,True,19760,,,,9.0
l3,data/l3/res=9/year=2024/month=07/l3-aggregates-9-2024-07-monthly.parquet,2024,07,True,4049,,,,9.0
l3,data/l3/res=9/year=2024/month=08/l3-aggregates-9-2024-08-monthly.parquet,2024,08,True,4017,,,,9.0
l3,data/l3/res=9/year=2024/month=08/l3-aggregates-9-2024-08.parquet,2024,08,True,18800,,,,9.0
l3,data/l3/res=9/year=2024/month=09/l3-aggregates-9-2024-09-monthly.parquet,2024,09,True,4035,,,,9.0
l3,data/l3/res=9/year=2024/month=09/l3-aggregates-9-2024-09.parquet,2024,09,True,18899,,,,9.0
l3,data/l3/res=9/year=2024/month=10/l3-aggregates-9-2024-10-monthly.parquet,2024,10,True,3956,,,,9.0
l3,data/l3/res=9/year=2024/month=10/l3-aggregates-9-2024-10.parquet,2024,10,True,18681,,,,9.0
l3,data/l3/res=9/year=2024/month=11/l3-aggregates-9-2024-11-monthly.parquet,2024,11,True,3865,,,,9.0
l3,data/l3/res=9/year=2024/month=11/l3-aggregates-9-2024-11.parquet,2024,11,True,16459,,,,9.0
l3,data/l3/res=9/year=2024/month=12/l3-aggregates-9-2024-12-monthly.parquet,2024,12,True,3865,,,,9.0
l3,data/l3/res=9/year=2024/month=12/l3-aggregates-9-2024-12.parquet,2024,12,True,16509,,,,9.0
l3,data/l3/res=9/year=2025/month=01/l3-aggregates-9-2025-01-monthly.parquet,2025,01,True,3765,,,,9.0
l3,data/l3/res=9/year=2025/month=01/l3-aggregates-9-2025-01.parquet,2025,01,True,15579,,,,9.0
l3,data/l3/res=9/year=2025/month=02/l3-aggregates-9-2025-02.parquet,2025,02,True,13922,,,,9.0
l3,data/l3/res=9/year=2025/month=02/l3-aggregates-9-2025-02-monthly.parquet,2025,02,True,3694,,,,9.0
l3,data/l3/res=9/year=2025/month=03/l3-aggregates-9-2025-03.parquet,2025,03,True,16482,,,,9.0
l3,data/l3/res=9/year=2025/month=03/l3-aggregates-9-2025-03-monthly.parquet,2025,03,True,3854,,,,9.0
l3,data/l3/res=9/year=2025/month=04/l3-aggregates-9-2025-04.parquet,2025,04,True,16284,,,,9.0
l3,data/l3/res=9/year=2025/month=04/l3-aggregates-9-2025-04-monthly.parquet,2025,04,True,3841,,,,9.0
l3,data/l3/res=9/year=2025/month=05/l3-aggregates-9-2025-05-monthly.parquet,2025,05,True,3928,,,,9.0
l3,data/l3/res=9/year=2025/month=05/l3-aggregates-9-2025-05.parquet,2025,05,True,16987,,,,9.0
l3,data/l3/res=9/year=2025/month=06/l3-aggregates-9-2025-06-monthly.parquet,2025,06,True,3932,,,,9.0
l3,data/l3/res=9/year=2025/month=06/l3-aggregates-9-2025-06.parquet,2025,06,True,17220,,,,9.0
l3,data/l3/res=9/year=2025/month=07/l3-aggregates-9-2025-07-monthly.parquet,2025,07,True,3933,,,,9.0
l3,data/l3/res=9/year=2025/month=07/l3-aggregates-9-2025-07.parquet,2025,07,True,18305,,,,9.0
l3,data/l3/res=9/year=2025/month=08/l3-aggregates-9-2025-08-monthly.parquet,2025,08,True,3526,,,,9.0
l3,data/l3/res=9/year=2025/month=08/l3-aggregates-9-2025-08.parquet,2025,08,True,11577,,,,9.0
